topology,amplitude,sample,hidden_node,reference_node,horizon_steps,horizon_s,num_state_nodes,num_state_features,train_r2_x,train_r2_y,test_r2_x,test_r2_y,train_nmse_x,train_nmse_y,test_nmse_x,test_nmse_y,train_nmse_2d,test_nmse_2d,train_rmse_x_px,train_rmse_y_px,test_rmse_x_px,test_rmse_y_px
topology_17_prestress,amp=1,sample_0,10,0,5,0.16683340072631836,14,28,0.6823828591119041,0.942035684458798,0.8000829213777712,0.9181343563671084,0.31761714088809595,0.057964315541201926,0.19991707862222888,0.08186564363289166,0.26839384026660484,0.1876888203671371,39.00156550152405,8.058281941388852,44.82479458607065,9.750706939048397
topology_17_prestress,amp=1,sample_1,10,0,5,0.16683340072631836,14,28,0.6866870155193069,0.9377941610646143,-0.5931628116856642,0.5894504828607374,0.3133129844806931,0.06220583893538566,1.593162811685664,0.4105495171392626,0.2668488735389802,1.4651494352730812,39.05603170927354,8.292296567364545,126.43096577707621,22.360934922154605
topology_17_prestress,amp=1,sample_2,10,0,5,0.16683340072631836,14,28,0.6972291927020495,0.9419802335878449,0.7937930303245648,0.9045347652780457,0.3027708072979504,0.05801976641215507,0.20620696967543511,0.09546523472195435,0.2573569079267081,0.1942120055199125,38.61664890136418,8.068742496607635,45.51605151434972,10.793779918066384
topology_17_prestress,amp=1,sample_3,10,0,5,0.16683340072631836,14,28,0.698287341726106,0.9435559691543097,0.7789918888477169,0.9107256819728164,0.3017126582738941,0.05644403084569031,0.22100811115228314,0.08927431802718354,0.2558974796683765,0.20666236889230463,39.08209133224606,8.10165894553533,47.13274588341685,10.47204433510873
topology_17_prestress,amp=1,sample_4,10,0,5,0.16683340072631836,14,28,0.6902481414881262,0.9399541939472509,0.8115199543310058,0.9214598402216193,0.3097518585118738,0.060045806052749166,0.18848004566899426,0.07854015977838066,0.26351097157045705,0.17647432050294895,39.35436131076181,8.260289958671311,43.543415280250315,9.841533751545324
