topology,amplitude,sample,hidden_node,reference_node,horizon_steps,horizon_s,num_state_nodes,num_state_features,train_r2_x,train_r2_y,test_r2_x,test_r2_y,train_nmse_x,train_nmse_y,test_nmse_x,test_nmse_y,train_nmse_2d,test_nmse_2d,train_rmse_x_px,train_rmse_y_px,test_rmse_x_px,test_rmse_y_px
topology_10_prestress,amp=2.5,sample_0,10,0,5,0.16683220863342285,14,28,0.6168056346406674,0.5211486193523067,0.6480866480187026,0.6136580065152073,0.3831943653593326,0.4788513806476933,0.3519133519812974,0.38634199348479265,0.38671725602042784,0.3529619213083691,44.85155890154634,9.804098871338898,63.35260475980242,11.764879967438528
topology_10_prestress,amp=2.5,sample_1,10,0,5,0.16683220863342285,14,28,0.6028191163450464,0.5496581920004282,0.7304994983453696,0.5970129980004175,0.39718088365495363,0.45034180799957185,0.2695005016546304,0.4029870019995824,0.39924976127460304,0.27365660344715503,45.40962958265471,9.730063496766055,55.35455126552415,12.13421944445418
topology_10_prestress,amp=2.5,sample_2,10,0,5,0.16683340072631836,14,28,0.6104256159751948,0.5333505700944843,0.7230110225547242,0.6055453933338265,0.3895743840248051,0.4666494299055157,0.27698897744527573,0.39445460666617355,0.3924331268101603,0.2805419150299908,45.102752524411144,9.688155534584551,56.24530758522962,11.853901139792793
topology_10_prestress,amp=2.5,sample_3,10,0,5,0.16683340072631836,14,28,0.6054845169644608,0.5403263590215979,0.515269658043437,-0.0169947857877506,0.3945154830355392,0.45967364097840213,0.484730341956563,1.0169947857877506,0.3971516451273117,0.5021185446237393,44.40292303244962,9.841787269697576,73.97008744397945,19.689800384875372
topology_10_prestress,amp=2.5,sample_4,10,0,5,0.16683340072631836,14,28,0.6194792414369609,0.5585231271642161,0.6820483491709531,0.5330768859190775,0.38052075856303913,0.44147687283578374,0.3179516508290468,0.4669231140809225,0.38280728878106557,0.32253750818006316,44.59211790085335,9.48210738764912,60.23728674464733,13.009358063590883
