topology,amplitude,sample,H,D,full_window_nmse_x,full_window_nmse_y,full_window_nmse_2d,basis_R2_2d
topology_10_prestress,amp=2.5,sample_0,0,1,0.3020056263662641,0.5376547637196881,0.3095885548445784,0.6904114451554215
topology_10_prestress,amp=2.5,sample_1,0,1,0.3035303216667184,0.5209863494719246,0.3108040118668109,0.689195988133189
topology_10_prestress,amp=2.5,sample_2,0,1,0.3019942103368621,0.5285411680089741,0.3093107399036556,0.6906892600963443
topology_10_prestress,amp=2.5,sample_3,0,1,0.3032814303954026,0.5323363054173298,0.31189702962042143,0.6881029703795786
topology_10_prestress,amp=2.5,sample_4,0,1,0.3023517969773496,0.5322101094018098,0.3098613396213137,0.6901386603786863
