topology,amplitude,sample,basis_index,basis_term,total_degree,max_readout_time_delay,max_target_time_delay,exponents,coefficient_x,coefficient_y,p_alpha_norm_sq,c_alpha_x,c_alpha_y,c_alpha
topology_10_prestress,amp=2.5,sample_0,0,P1(u[target-5]),1,0,5,1,112.71937561035156,-16.72799301147461,276.4882507324219,0.6979946026194076,0.46234543708828213,0.6904116732343658
topology_10_prestress,amp=2.5,sample_1,0,P1(u[target-5]),1,0,5,1,112.63310241699219,-17.37672996520996,274.37811279296875,0.6964699807105743,0.4790135861876498,0.6891962782441354
topology_10_prestress,amp=2.5,sample_2,0,P1(u[target-5]),1,0,5,1,112.43762969970703,-16.881311416625977,277.29779052734375,0.6980057192436411,0.47145872881427564,0.6906891886189236
topology_10_prestress,amp=2.5,sample_3,0,P1(u[target-5]),1,0,5,1,111.76239776611328,-18.102230072021484,272.44635009765625,0.6967189225339694,0.4676638841369375,0.6881033171638101
topology_10_prestress,amp=2.5,sample_4,0,P1(u[target-5]),1,0,5,1,112.97164916992188,-17.000669479370117,274.660888671875,0.6976482918557175,0.46778995202330287,0.6901387483163276
