topology,amplitude,sample,H,D,full_window_nmse_x,full_window_nmse_y,full_window_nmse_2d,basis_R2_2d
topology_17_prestress,amp=1,sample_0,2,1,0.31760648897891847,0.9384833031133256,0.39995157216932076,0.6000484278306792
topology_17_prestress,amp=1,sample_2,2,1,0.32740886032705824,0.94089349693584,0.41005818423122203,0.5899418157687779
topology_17_prestress,amp=1,sample_3,2,1,0.3327327133471052,0.9413450360666978,0.415537184861506,0.5844628151384941
topology_17_prestress,amp=1,sample_4,2,1,0.33037488792230335,0.9416337626306274,0.41313828740364306,0.5868617125963569
